event_id,player_id,position,points,wins,draws,losses
4884aaf1-a10b-4ea1-a2b4-6281c72de629,03ea99a9-f0be-4232-a70c-eeddfe76c0b3,7,3,1,0,2
4884aaf1-a10b-4ea1-a2b4-6281c72de629,1708422a-1b1a-42d4-a4ff-3de45eb10059,9,3,1,0,2
4884aaf1-a10b-4ea1-a2b4-6281c72de629,56b4cf3e-48e1-4716-a890-607fa486cbb5,3,7,2,1,0
4884aaf1-a10b-4ea1-a2b4-6281c72de629,5c3af7a8-1f77-4a71-8ca7-0cb646f6ac50,1,7,2,1,0
4884aaf1-a10b-4ea1-a2b4-6281c72de629,6f764dcd-27a0-4c7f-8148-8426d9ff7d6f,10,3,1,0,2
4884aaf1-a10b-4ea1-a2b4-6281c72de629,8a4785f1-8eda-4315-b808-face38e74fbb,11,1,0,1,1
4884aaf1-a10b-4ea1-a2b4-6281c72de629,acd00cd9-e718-422a-ab68-5feccc46a2b3,8,3,1,0,1
4884aaf1-a10b-4ea1-a2b4-6281c72de629,b402f1bb-e234-4a11-994c-84bf2ba9cb6c,2,7,2,1,0
4884aaf1-a10b-4ea1-a2b4-6281c72de629,b7fa20b8-281c-4162-923a-e57928addd89,6,3,1,0,2
4884aaf1-a10b-4ea1-a2b4-6281c72de629,cbaaa5ea-6a8a-4e7d-9099-4c0662b4a88e,12,0,0,0,3
4884aaf1-a10b-4ea1-a2b4-6281c72de629,d23b73f1-6697-416c-9902-935c715a329e,5,6,2,0,1
4884aaf1-a10b-4ea1-a2b4-6281c72de629,de474199-4876-42f3-9e6e-cdbc3c65a0a5,4,6,2,0,1
84a73939-bcc7-46f1-99db-16d738bfdb16,3c8d7a04-1353-49b0-bf2f-777df0158491,15,1,0,1,2
84a73939-bcc7-46f1-99db-16d738bfdb16,4c9feb24-2e35-448f-a26b-7db41413d0b3,13,3,1,0,2
84a73939-bcc7-46f1-99db-16d738bfdb16,5c3af7a8-1f77-4a71-8ca7-0cb646f6ac50,7,4,1,1,1
84a73939-bcc7-46f1-99db-16d738bfdb16,6f764dcd-27a0-4c7f-8148-8426d9ff7d6f,6,6,2,0,1
84a73939-bcc7-46f1-99db-16d738bfdb16,817df82a-d3d5-4a64-8c12-677352c541f6,11,3,1,0,2
84a73939-bcc7-46f1-99db-16d738bfdb16,8a4785f1-8eda-4315-b808-face38e74fbb,14,3,1,0,2
84a73939-bcc7-46f1-99db-16d738bfdb16,a133b154-1c9b-489e-9ac4-01ea8f4b37e3,12,3,1,0,2
84a73939-bcc7-46f1-99db-16d738bfdb16,acd00cd9-e718-422a-ab68-5feccc46a2b3,5,6,2,0,1
84a73939-bcc7-46f1-99db-16d738bfdb16,b402f1bb-e234-4a11-994c-84bf2ba9cb6c,3,7,2,1,0
84a73939-bcc7-46f1-99db-16d738bfdb16,b69de84f-6cf6-4e54-9288-812339d002a3,1,9,3,0,0
84a73939-bcc7-46f1-99db-16d738bfdb16,b7fa20b8-281c-4162-923a-e57928addd89,9,3,1,0,2
84a73939-bcc7-46f1-99db-16d738bfdb16,cbaaa5ea-6a8a-4e7d-9099-4c0662b4a88e,10,3,1,0,2
84a73939-bcc7-46f1-99db-16d738bfdb16,d23b73f1-6697-416c-9902-935c715a329e,2,9,3,0,0
84a73939-bcc7-46f1-99db-16d738bfdb16,de474199-4876-42f3-9e6e-cdbc3c65a0a5,4,6,2,0,1
84a73939-bcc7-46f1-99db-16d738bfdb16,e61f1605-c659-411b-b745-000c3f50c922,8,4,1,1,1
c7e42b64-428c-49a7-a060-6756087787aa,4c9feb24-2e35-448f-a26b-7db41413d0b3,11,0,0,0,2
c7e42b64-428c-49a7-a060-6756087787aa,5c3af7a8-1f77-4a71-8ca7-0cb646f6ac50,7,6,2,0,1
c7e42b64-428c-49a7-a060-6756087787aa,6f764dcd-27a0-4c7f-8148-8426d9ff7d6f,1,9,3,0,0
c7e42b64-428c-49a7-a060-6756087787aa,817df82a-d3d5-4a64-8c12-677352c541f6,10,3,1,0,2
c7e42b64-428c-49a7-a060-6756087787aa,8a4785f1-8eda-4315-b808-face38e74fbb,12,0,0,0,3
c7e42b64-428c-49a7-a060-6756087787aa,a133b154-1c9b-489e-9ac4-01ea8f4b37e3,2,6,2,0,1
c7e42b64-428c-49a7-a060-6756087787aa,acd00cd9-e718-422a-ab68-5feccc46a2b3,9,3,1,0,2
c7e42b64-428c-49a7-a060-6756087787aa,b402f1bb-e234-4a11-994c-84bf2ba9cb6c,3,6,2,0,1
c7e42b64-428c-49a7-a060-6756087787aa,b69de84f-6cf6-4e54-9288-812339d002a3,5,6,2,0,1
c7e42b64-428c-49a7-a060-6756087787aa,b7fa20b8-281c-4162-923a-e57928addd89,4,6,2,0,1
c7e42b64-428c-49a7-a060-6756087787aa,d23b73f1-6697-416c-9902-935c715a329e,6,6,2,0,1
c7e42b64-428c-49a7-a060-6756087787aa,de474199-4876-42f3-9e6e-cdbc3c65a0a5,8,3,1,0,2
ec33ab22-8e04-44c8-80d8-d9c198daa70c,01e56600-a4af-4066-9964-ee0feae3ab8d,14,6,2,0,2
ec33ab22-8e04-44c8-80d8-d9c198daa70c,11ba79e7-dbb1-47af-ba9b-a4e3b7cfee88,1,10,3,1,0
ec33ab22-8e04-44c8-80d8-d9c198daa70c,1708422a-1b1a-42d4-a4ff-3de45eb10059,19,3,1,0,2
ec33ab22-8e04-44c8-80d8-d9c198daa70c,3322b619-de76-4a59-9b09-a5bea13e17c9,16,4,1,1,2
ec33ab22-8e04-44c8-80d8-d9c198daa70c,5735db9b-a9db-4369-b8a4-07589c62fc91,4,9,3,0,1
ec33ab22-8e04-44c8-80d8-d9c198daa70c,5c3af7a8-1f77-4a71-8ca7-0cb646f6ac50,3,9,3,0,1
ec33ab22-8e04-44c8-80d8-d9c198daa70c,601295b3-8400-4a2d-92f5-7dbad21659fb,22,2,0,2,2
ec33ab22-8e04-44c8-80d8-d9c198daa70c,6ed13c0c-71a5-42e7-b05e-cf2cdce0c2a7,21,3,1,0,3
ec33ab22-8e04-44c8-80d8-d9c198daa70c,6f764dcd-27a0-4c7f-8148-8426d9ff7d6f,8,7,2,1,1
ec33ab22-8e04-44c8-80d8-d9c198daa70c,7652bdbd-bc76-4e92-8525-a9f2cbe7a2ba,12,6,2,0,2
ec33ab22-8e04-44c8-80d8-d9c198daa70c,8023496c-f794-4622-8d23-a820148d3079,18,3,1,0,3
ec33ab22-8e04-44c8-80d8-d9c198daa70c,8165d343-b857-4bc9-804a-4cb1126745e3,11,6,2,0,2
ec33ab22-8e04-44c8-80d8-d9c198daa70c,883a519e-1615-4338-835c-6faa526bbdb7,15,6,2,0,2
ec33ab22-8e04-44c8-80d8-d9c198daa70c,8a4785f1-8eda-4315-b808-face38e74fbb,23,1,0,1,3
ec33ab22-8e04-44c8-80d8-d9c198daa70c,a133b154-1c9b-489e-9ac4-01ea8f4b37e3,13,6,2,0,2
ec33ab22-8e04-44c8-80d8-d9c198daa70c,acd00cd9-e718-422a-ab68-5feccc46a2b3,17,4,1,1,2
ec33ab22-8e04-44c8-80d8-d9c198daa70c,afdefe3c-d017-44e0-b223-b81e53520b6b,9,6,2,0,2
ec33ab22-8e04-44c8-80d8-d9c198daa70c,b402f1bb-e234-4a11-994c-84bf2ba9cb6c,5,9,3,0,1
ec33ab22-8e04-44c8-80d8-d9c198daa70c,b69de84f-6cf6-4e54-9288-812339d002a3,6,9,3,0,1
ec33ab22-8e04-44c8-80d8-d9c198daa70c,bd954a02-fa17-4292-84e3-0920aad08693,7,9,3,0,1
ec33ab22-8e04-44c8-80d8-d9c198daa70c,d23b73f1-6697-416c-9902-935c715a329e,2,10,3,1,0
ec33ab22-8e04-44c8-80d8-d9c198daa70c,d9c2be77-f423-49ba-934f-de578d448bb9,10,6,2,0,2
ec33ab22-8e04-44c8-80d8-d9c198daa70c,e61f1605-c659-411b-b745-000c3f50c922,20,3,1,0,3