id,event_id,player_id,commander_id,partner_commander_id,archetype,bonus_points,manual_rank,created_at
00189fb5-8aaf-4064-97dc-ca5d66e987bc,84a73939-bcc7-46f1-99db-16d738bfdb16,acd00cd9-e718-422a-ab68-5feccc46a2b3,08f528e6-2891-4c82-ad23-bced2a9ffdfd,,combo,0,,2026-09-29 22:34:16.985026+00
03194baf-4013-4993-ac80-6fc9af3d843b,ec33ab22-8e04-44c8-80d8-d9c198daa70c,6f764dcd-27a0-4c7f-8148-8426d9ff7d6f,1ae0fb2f-0abb-4bf5-b6f1-193cf08e0bd4,,combo,0,,2026-09-26 21:35:15.873971+00
03398a62-e918-4e12-b6a8-0b847984df6a,4884aaf1-a10b-4ea1-a2b4-6281c72de629,5c3af7a8-1f77-4a71-8ca7-0cb646f6ac50,20ec2557-6ea5-4894-98f4-c877f89c7a7e,,combo,0,,2026-09-21 12:12:35.262199+00
066bbc8c-0b7a-4e31-9b39-f921789c7d7e,ec33ab22-8e04-44c8-80d8-d9c198daa70c,01e56600-a4af-4066-9964-ee0feae3ab8d,068b6406-4ab2-4cc0-8c0e-c7dd63b531e8,17f88b9f-5828-4a30-a7e2-566ebe7685b7,aggro,0,,2026-09-26 21:45:08.451334+00
0d0de90e-3427-4802-b314-32f7070388eb,ec33ab22-8e04-44c8-80d8-d9c198daa70c,afdefe3c-d017-44e0-b223-b81e53520b6b,5458c2f4-b3bf-4297-85fd-644f995e9a21,,control,0,,2026-09-26 21:41:54.450002+00
12e8d05e-68a4-4182-8d36-d597604b7f3d,ec33ab22-8e04-44c8-80d8-d9c198daa70c,6ed13c0c-71a5-42e7-b05e-cf2cdce0c2a7,97f0aec3-df1b-404c-afc9-c8ec36755fe2,,aggro,0,,2026-09-26 21:38:42.335348+00
143fd180-c98c-4b33-8783-8053e83fa7e9,4884aaf1-a10b-4ea1-a2b4-6281c72de629,56b4cf3e-48e1-4716-a890-607fa486cbb5,d2fed0bb-e9cf-47c5-8f05-b0ede406fccd,,aggro,0,,2026-09-21 12:37:43.147525+00
148a681c-7989-4682-ab90-2dd23cecf71f,c7e42b64-428c-49a7-a060-6756087787aa,a133b154-1c9b-489e-9ac4-01ea8f4b37e3,5724c294-2010-4088-aed0-26def0cb6ee6,,aggro,0,,2026-09-22 22:57:48.299231+00
1c5693f3-6d1e-455a-829d-565fc96aa8eb,c7e42b64-428c-49a7-a060-6756087787aa,acd00cd9-e718-422a-ab68-5feccc46a2b3,08f528e6-2891-4c82-ad23-bced2a9ffdfd,,combo,0,,2026-09-22 22:56:59.001304+00
1dfbddea-ea75-4e8e-8d70-92dced4f85f4,4884aaf1-a10b-4ea1-a2b4-6281c72de629,b402f1bb-e234-4a11-994c-84bf2ba9cb6c,a6199f71-7af1-4b73-9e64-6c249718a64c,,combo,0,,2026-09-21 12:12:48.488623+00
26fc6697-8b05-4c47-bce2-0f20fd95cae0,ec33ab22-8e04-44c8-80d8-d9c198daa70c,5735db9b-a9db-4369-b8a4-07589c62fc91,a6e9f20f-b9fe-48c1-81e2-b1866de32c77,,combo,0,,2026-09-26 21:43:10.135171+00
296f3b1b-9153-4ed8-a76a-f19c7a22c16b,c7e42b64-428c-49a7-a060-6756087787aa,8a4785f1-8eda-4315-b808-face38e74fbb,068b6406-4ab2-4cc0-8c0e-c7dd63b531e8,63b5d956-f5c0-43a7-9da8-d3d91f642054,aggro,0,,2026-09-22 22:56:27.532001+00
2e189246-fe2e-473b-bf4e-904df4f86585,4884aaf1-a10b-4ea1-a2b4-6281c72de629,03ea99a9-f0be-4232-a70c-eeddfe76c0b3,c8d5b170-18f1-49c2-8518-faac41ac08af,,combo,0,,2026-09-21 12:55:51.416583+00
32f8536f-2d63-405d-9274-f076c100677b,c7e42b64-428c-49a7-a060-6756087787aa,4c9feb24-2e35-448f-a26b-7db41413d0b3,9453b028-1753-4e9e-8ff6-1414c5ca07e9,,midrange,0,,2026-09-22 22:56:07.155921+00
344c9fe1-7f49-4a47-8587-6fce447931b2,ec33ab22-8e04-44c8-80d8-d9c198daa70c,7652bdbd-bc76-4e92-8525-a9f2cbe7a2ba,068b6406-4ab2-4cc0-8c0e-c7dd63b531e8,e3d7c56a-1a73-48e5-955a-5af14eafa9af,aggro,0,,2026-09-26 21:34:56.918217+00
445007dd-ef08-43bc-bb42-fa5e1603f003,84a73939-bcc7-46f1-99db-16d738bfdb16,d23b73f1-6697-416c-9902-935c715a329e,4f64ad7c-a7c3-4960-b8d8-d601d5074bb3,,aggro,0,,2026-09-29 22:33:44.774932+00
4d5803fc-b456-45db-9ac9-c72577409bcd,4884aaf1-a10b-4ea1-a2b4-6281c72de629,de474199-4876-42f3-9e6e-cdbc3c65a0a5,d2fed0bb-e9cf-47c5-8f05-b0ede406fccd,,aggro,0,,2026-09-21 12:38:08.911787+00
50c50f61-2c3e-4f18-b229-7b3efafd80c8,ec33ab22-8e04-44c8-80d8-d9c198daa70c,8165d343-b857-4bc9-804a-4cb1126745e3,81c5a12b-c169-4a52-b6f3-af6b1b39b0e9,,aggro,0,,2026-09-26 21:40:27.807929+00
55ba55a6-3f72-46ee-a16f-fbc18e787501,84a73939-bcc7-46f1-99db-16d738bfdb16,de474199-4876-42f3-9e6e-cdbc3c65a0a5,d2fed0bb-e9cf-47c5-8f05-b0ede406fccd,,aggro,0,,2026-09-29 22:35:06.27823+00
5793f797-1fd8-4741-a002-bf621904f7c7,84a73939-bcc7-46f1-99db-16d738bfdb16,817df82a-d3d5-4a64-8c12-677352c541f6,0aa6c8a2-5395-4dbb-9193-7461c2114a36,,aggro,0,,2026-09-29 22:37:59.209976+00
5b239784-37fe-4699-b106-fa4f524ad39c,4884aaf1-a10b-4ea1-a2b4-6281c72de629,8a4785f1-8eda-4315-b808-face38e74fbb,068b6406-4ab2-4cc0-8c0e-c7dd63b531e8,63b5d956-f5c0-43a7-9da8-d3d91f642054,aggro,0,,2026-09-21 12:54:31.177867+00
6d47f32d-9337-4149-9e1b-dd6700c19260,84a73939-bcc7-46f1-99db-16d738bfdb16,e61f1605-c659-411b-b745-000c3f50c922,9a3facf9-7ad2-4e68-b400-720ab646bcfb,,control,0,,2026-09-29 22:32:11.078768+00
6f44798e-0522-4d21-9d5a-6c098a2c74f9,ec33ab22-8e04-44c8-80d8-d9c198daa70c,883a519e-1615-4338-835c-6faa526bbdb7,f2572710-54ad-4335-ab58-6d61e255cdd7,,control,0,,2026-09-26 21:46:45.79721+00
71814dcf-599c-4852-bcce-ed0e05c4b224,84a73939-bcc7-46f1-99db-16d738bfdb16,3c8d7a04-1353-49b0-bf2f-777df0158491,f13afddd-01ef-4dd0-a905-cf141c5a44f1,,control,0,,2026-09-29 22:39:46.722588+00
8026a11d-5888-4ecc-a0a3-b23ca2baa5e7,c7e42b64-428c-49a7-a060-6756087787aa,de474199-4876-42f3-9e6e-cdbc3c65a0a5,d2fed0bb-e9cf-47c5-8f05-b0ede406fccd,,aggro,0,,2026-09-22 22:56:47.447504+00
8e7481db-6428-4c70-a7a7-7ea1548301f8,84a73939-bcc7-46f1-99db-16d738bfdb16,b7fa20b8-281c-4162-923a-e57928addd89,7aea3059-a0bb-4761-80ee-707716257850,,control,0,,2026-09-29 22:35:20.507954+00
91328d7b-d700-4a0b-9ba3-645b7f029862,c7e42b64-428c-49a7-a060-6756087787aa,d23b73f1-6697-416c-9902-935c715a329e,4f64ad7c-a7c3-4960-b8d8-d601d5074bb3,,aggro,0,,2026-09-22 22:56:18.337044+00
92074150-e3cc-4abb-a9f4-3579233280f0,c7e42b64-428c-49a7-a060-6756087787aa,b402f1bb-e234-4a11-994c-84bf2ba9cb6c,a6199f71-7af1-4b73-9e64-6c249718a64c,,combo,0,,2026-09-22 22:51:01.793724+00
953935c1-5489-4d78-9e43-dc636bb3384a,84a73939-bcc7-46f1-99db-16d738bfdb16,8a4785f1-8eda-4315-b808-face38e74fbb,7aea3059-a0bb-4761-80ee-707716257850,,tempo,0,,2026-09-29 22:34:41.925375+00
95a09300-2303-40a0-be16-88b6e633f19f,ec33ab22-8e04-44c8-80d8-d9c198daa70c,11ba79e7-dbb1-47af-ba9b-a4e3b7cfee88,d2fed0bb-e9cf-47c5-8f05-b0ede406fccd,,aggro,0,,2026-09-26 21:35:56.68653+00
9ad6f35d-337d-40e7-84a7-a98d1039292e,ec33ab22-8e04-44c8-80d8-d9c198daa70c,d23b73f1-6697-416c-9902-935c715a329e,4f64ad7c-a7c3-4960-b8d8-d601d5074bb3,,aggro,0,,2026-09-26 21:35:42.47208+00
a5e88a6e-08be-42a3-86c0-c82ae23a892e,ec33ab22-8e04-44c8-80d8-d9c198daa70c,5c3af7a8-1f77-4a71-8ca7-0cb646f6ac50,a6e9f20f-b9fe-48c1-81e2-b1866de32c77,,combo,0,,2026-09-26 21:35:22.033462+00
ad83f549-e5ad-4932-90c9-4779ca6cf051,c7e42b64-428c-49a7-a060-6756087787aa,b69de84f-6cf6-4e54-9288-812339d002a3,0ee241f7-8c9b-41b5-b39f-38a3de48e7fa,,midrange,0,,2026-09-22 22:56:37.673304+00
b47555de-5745-4452-a2db-32580778ac32,ec33ab22-8e04-44c8-80d8-d9c198daa70c,8023496c-f794-4622-8d23-a820148d3079,068b6406-4ab2-4cc0-8c0e-c7dd63b531e8,17f88b9f-5828-4a30-a7e2-566ebe7685b7,aggro,0,,2026-09-26 21:41:20.66648+00
b97dd3c4-aa6d-4f53-b19c-58b33b5e54f8,4884aaf1-a10b-4ea1-a2b4-6281c72de629,cbaaa5ea-6a8a-4e7d-9099-4c0662b4a88e,177832af-960f-4534-8310-0db879e8b7e3,,aggro,0,,2026-09-21 12:53:31.480076+00
bfde8732-5e00-4b12-a7f0-dd3c17b0692c,ec33ab22-8e04-44c8-80d8-d9c198daa70c,acd00cd9-e718-422a-ab68-5feccc46a2b3,08f528e6-2891-4c82-ad23-bced2a9ffdfd,,combo,0,,2026-09-26 21:44:26.146524+00
c045f533-05a9-4fb5-85a5-2a62689f5627,ec33ab22-8e04-44c8-80d8-d9c198daa70c,d9c2be77-f423-49ba-934f-de578d448bb9,068b6406-4ab2-4cc0-8c0e-c7dd63b531e8,74f2caa6-d63f-4d2d-924d-3391e564133e,aggro,0,,2026-09-26 21:39:39.676261+00
c23ea410-3ad2-47d0-bdfb-0a242f683db7,84a73939-bcc7-46f1-99db-16d738bfdb16,b402f1bb-e234-4a11-994c-84bf2ba9cb6c,a6199f71-7af1-4b73-9e64-6c249718a64c,,combo,0,,2026-09-29 22:31:12.845934+00
c370ac73-7d29-4ea1-8408-9e25f5fe7774,c7e42b64-428c-49a7-a060-6756087787aa,5c3af7a8-1f77-4a71-8ca7-0cb646f6ac50,20ec2557-6ea5-4894-98f4-c877f89c7a7e,,combo,0,,2026-09-22 22:54:51.240651+00
c39396d3-af30-4271-adbc-b3643208c30a,c7e42b64-428c-49a7-a060-6756087787aa,6f764dcd-27a0-4c7f-8148-8426d9ff7d6f,1ae0fb2f-0abb-4bf5-b6f1-193cf08e0bd4,,combo,0,,2026-09-22 22:54:37.478982+00
c47dcaed-5d6f-4930-a056-482c554c3896,c7e42b64-428c-49a7-a060-6756087787aa,817df82a-d3d5-4a64-8c12-677352c541f6,be1d962b-c918-4758-91e1-f37647758211,,tempo,0,,2026-09-22 23:00:31.586441+00
c5c1cf42-e320-4174-9140-c6d25b9d2d7f,84a73939-bcc7-46f1-99db-16d738bfdb16,a133b154-1c9b-489e-9ac4-01ea8f4b37e3,5724c294-2010-4088-aed0-26def0cb6ee6,,aggro,0,,2026-09-29 22:34:05.525017+00
c627962a-b925-4c59-8d82-f973b0a8800d,c7e42b64-428c-49a7-a060-6756087787aa,b7fa20b8-281c-4162-923a-e57928addd89,7aea3059-a0bb-4761-80ee-707716257850,,control,0,,2026-09-22 22:57:08.218062+00
c6c5c229-f22b-401a-ba2f-ab1f731cc4bb,ec33ab22-8e04-44c8-80d8-d9c198daa70c,3322b619-de76-4a59-9b09-a5bea13e17c9,a626d2a2-5964-4213-babf-ccf62e5bfa62,,midrange,0,,2026-09-26 21:44:05.229114+00
c75e439b-7666-4a7f-b744-8acaa591196b,4884aaf1-a10b-4ea1-a2b4-6281c72de629,1708422a-1b1a-42d4-a4ff-3de45eb10059,1f5f1bd5-00a8-4397-a713-c870c5e9adbe,,midrange,0,,2026-09-21 12:53:50.908775+00
d1c217b8-c304-48f3-9cf8-ef28a9efc40a,84a73939-bcc7-46f1-99db-16d738bfdb16,b69de84f-6cf6-4e54-9288-812339d002a3,0ee241f7-8c9b-41b5-b39f-38a3de48e7fa,,midrange,0,,2026-09-29 22:33:33.446915+00
d2d14f16-ed44-4bb6-a173-b53c207b3258,4884aaf1-a10b-4ea1-a2b4-6281c72de629,6f764dcd-27a0-4c7f-8148-8426d9ff7d6f,1ae0fb2f-0abb-4bf5-b6f1-193cf08e0bd4,,combo,0,,2026-09-21 12:38:38.38727+00
d38ec167-311a-43a5-a928-32c687834700,84a73939-bcc7-46f1-99db-16d738bfdb16,4c9feb24-2e35-448f-a26b-7db41413d0b3,9453b028-1753-4e9e-8ff6-1414c5ca07e9,,midrange,0,,2026-09-29 22:34:27.408859+00
d93d87db-5356-48f2-a9af-17055b822e8a,ec33ab22-8e04-44c8-80d8-d9c198daa70c,e61f1605-c659-411b-b745-000c3f50c922,9a3facf9-7ad2-4e68-b400-720ab646bcfb,,control,0,,2026-09-26 21:47:43.565322+00
dade7c2b-a2bd-4b20-a4b9-023ea07bf1fc,84a73939-bcc7-46f1-99db-16d738bfdb16,cbaaa5ea-6a8a-4e7d-9099-4c0662b4a88e,108c918d-8f9d-4ee9-a9cc-8d5e1753e854,,aggro,0,,2026-09-29 22:41:10.442324+00
dbd3c32a-7a5b-40f3-b4d6-4389845240f8,4884aaf1-a10b-4ea1-a2b4-6281c72de629,d23b73f1-6697-416c-9902-935c715a329e,4f64ad7c-a7c3-4960-b8d8-d601d5074bb3,,aggro,0,,2026-09-21 12:31:02.555461+00
dcec6164-8d45-4380-ba42-be9d15ce8cbd,ec33ab22-8e04-44c8-80d8-d9c198daa70c,1708422a-1b1a-42d4-a4ff-3de45eb10059,1f5f1bd5-00a8-4397-a713-c870c5e9adbe,,midrange,0,,2026-09-26 21:52:09.903608+00
de6f7b18-edb3-48ea-97fc-d86336159e26,4884aaf1-a10b-4ea1-a2b4-6281c72de629,b7fa20b8-281c-4162-923a-e57928addd89,7aea3059-a0bb-4761-80ee-707716257850,,control,0,,2026-09-21 12:52:06.292151+00
e2107506-5134-40a5-b9a6-037f81e67a7a,ec33ab22-8e04-44c8-80d8-d9c198daa70c,b69de84f-6cf6-4e54-9288-812339d002a3,0ee241f7-8c9b-41b5-b39f-38a3de48e7fa,,midrange,0,,2026-09-26 21:37:19.871489+00
e5abf03c-98bb-4d38-b75f-4a8f17a7cc78,ec33ab22-8e04-44c8-80d8-d9c198daa70c,601295b3-8400-4a2d-92f5-7dbad21659fb,2b578036-7436-4f77-8d27-90894547cdf9,,aggro,0,,2026-09-26 21:37:09.567991+00
e6f16606-254b-4a99-99eb-d9a3b10993e8,ec33ab22-8e04-44c8-80d8-d9c198daa70c,bd954a02-fa17-4292-84e3-0920aad08693,1f5f1bd5-00a8-4397-a713-c870c5e9adbe,,midrange,0,,2026-09-26 21:37:30.877412+00
ef39041e-195a-4e8e-80b8-e159ed45010c,ec33ab22-8e04-44c8-80d8-d9c198daa70c,a133b154-1c9b-489e-9ac4-01ea8f4b37e3,5724c294-2010-4088-aed0-26def0cb6ee6,,aggro,0,,2026-09-26 21:45:35.967823+00
f3411648-eac8-4400-ad42-f8fa01750f07,84a73939-bcc7-46f1-99db-16d738bfdb16,5c3af7a8-1f77-4a71-8ca7-0cb646f6ac50,12e8da56-91c9-4025-bc89-32fd993a1769,,aggro,0,,2026-09-29 22:40:16.591521+00
f72f1570-06d4-4e8b-8b5b-d734cd9e5bcd,ec33ab22-8e04-44c8-80d8-d9c198daa70c,8a4785f1-8eda-4315-b808-face38e74fbb,7aea3059-a0bb-4761-80ee-707716257850,,tempo,0,,2026-09-26 21:35:35.109467+00
f84e8efa-8df2-455c-ba6b-8baa7e92980e,4884aaf1-a10b-4ea1-a2b4-6281c72de629,acd00cd9-e718-422a-ab68-5feccc46a2b3,ea920b0f-7b79-466e-931b-81ecf9db346c,,combo,0,,2026-09-21 12:56:14.824343+00
fdb461de-e444-403f-b26d-36f12b139852,ec33ab22-8e04-44c8-80d8-d9c198daa70c,b402f1bb-e234-4a11-994c-84bf2ba9cb6c,a6199f71-7af1-4b73-9e64-6c249718a64c,,combo,0,,2026-09-26 21:35:08.695+00
ff578bde-6dd8-431b-9276-acfbaaf9b1f5,84a73939-bcc7-46f1-99db-16d738bfdb16,6f764dcd-27a0-4c7f-8148-8426d9ff7d6f,177832af-960f-4534-8310-0db879e8b7e3,,aggro,0,,2026-09-29 22:33:55.093733+00