id,event_id,round,player1_id,player2_id,player1_wins,draws,player2_wins,created_at,is_drop
03e389bf-9aa0-4912-b334-ac1c9c3f0b3d,4884aaf1-a10b-4ea1-a2b4-6281c72de629,2,acd00cd9-e718-422a-ab68-5feccc46a2b3,5c3af7a8-1f77-4a71-8ca7-0cb646f6ac50,1,0,2,2026-09-21 12:58:53.996001+00,false
07b06467-75bf-4d4d-b34d-c2881e4ff63e,4884aaf1-a10b-4ea1-a2b4-6281c72de629,2,b7fa20b8-281c-4162-923a-e57928addd89,b402f1bb-e234-4a11-994c-84bf2ba9cb6c,1,0,2,2026-09-21 12:59:18.58202+00,false
113da18d-5757-4922-ba47-24df5e96ed94,c7e42b64-428c-49a7-a060-6756087787aa,2,5c3af7a8-1f77-4a71-8ca7-0cb646f6ac50,de474199-4876-42f3-9e6e-cdbc3c65a0a5,2,0,0,2026-09-22 23:05:05.857835+00,false
12634f73-dc36-479e-ac80-f541544aed38,ec33ab22-8e04-44c8-80d8-d9c198daa70c,3,601295b3-8400-4a2d-92f5-7dbad21659fb,acd00cd9-e718-422a-ab68-5feccc46a2b3,1,0,1,2026-09-26 21:58:27.647985+00,false
128df824-68c6-4ea4-924d-34d29dca00f3,ec33ab22-8e04-44c8-80d8-d9c198daa70c,4,11ba79e7-dbb1-47af-ba9b-a4e3b7cfee88,d23b73f1-6697-416c-9902-935c715a329e,0,0,0,2026-09-26 22:04:54.432412+00,false
17ca36f8-2bdf-461a-ba9f-abf0bbb370d5,ec33ab22-8e04-44c8-80d8-d9c198daa70c,3,3322b619-de76-4a59-9b09-a5bea13e17c9,5735db9b-a9db-4369-b8a4-07589c62fc91,0,0,2,2026-09-26 21:56:43.427934+00,false
184a23a1-1bc6-431a-a9c6-bf3b9280706e,c7e42b64-428c-49a7-a060-6756087787aa,1,8a4785f1-8eda-4315-b808-face38e74fbb,b7fa20b8-281c-4162-923a-e57928addd89,0,0,2,2026-09-22 23:03:44.863242+00,false
1a79e723-2624-4a76-8c11-f8cdd8b0bee8,4884aaf1-a10b-4ea1-a2b4-6281c72de629,1,b7fa20b8-281c-4162-923a-e57928addd89,6f764dcd-27a0-4c7f-8148-8426d9ff7d6f,2,0,0,2026-09-21 12:57:17.569161+00,false
20194e96-8a34-4616-a812-e4dec37c2c68,ec33ab22-8e04-44c8-80d8-d9c198daa70c,3,7652bdbd-bc76-4e92-8525-a9f2cbe7a2ba,8023496c-f794-4622-8d23-a820148d3079,2,0,1,2026-09-26 21:57:44.058624+00,false
22199a78-f8c5-4082-89cc-d0674b8bfc61,ec33ab22-8e04-44c8-80d8-d9c198daa70c,4,8023496c-f794-4622-8d23-a820148d3079,8165d343-b857-4bc9-804a-4cb1126745e3,0,0,2,2026-09-26 22:07:26.449617+00,false
24814dd5-e895-4a00-88aa-6c6cb4150299,ec33ab22-8e04-44c8-80d8-d9c198daa70c,2,d9c2be77-f423-49ba-934f-de578d448bb9,d23b73f1-6697-416c-9902-935c715a329e,1,0,2,2026-09-26 21:53:41.346473+00,false
2521e5bc-330d-46b2-9274-bf0d55e82be5,ec33ab22-8e04-44c8-80d8-d9c198daa70c,1,6f764dcd-27a0-4c7f-8148-8426d9ff7d6f,3322b619-de76-4a59-9b09-a5bea13e17c9,1,0,1,2026-09-26 21:49:06.925463+00,false
29684ba4-3042-43aa-8589-052629e17ad1,84a73939-bcc7-46f1-99db-16d738bfdb16,1,817df82a-d3d5-4a64-8c12-677352c541f6,b69de84f-6cf6-4e54-9288-812339d002a3,0,0,2,2026-09-29 22:44:49.332982+00,false
29939487-3e64-44dc-8f9d-ba18c581f17b,c7e42b64-428c-49a7-a060-6756087787aa,3,b69de84f-6cf6-4e54-9288-812339d002a3,b7fa20b8-281c-4162-923a-e57928addd89,0,0,2,2026-09-22 23:05:54.783646+00,false
2aad31fc-cdaf-4256-a3a9-2a57a6c8edc2,84a73939-bcc7-46f1-99db-16d738bfdb16,3,6f764dcd-27a0-4c7f-8148-8426d9ff7d6f,4c9feb24-2e35-448f-a26b-7db41413d0b3,2,0,0,2026-09-29 22:48:00.862447+00,false
2c5a0dac-849d-48a1-9ebd-1f7b53204970,ec33ab22-8e04-44c8-80d8-d9c198daa70c,4,bd954a02-fa17-4292-84e3-0920aad08693,7652bdbd-bc76-4e92-8525-a9f2cbe7a2ba,2,0,1,2026-09-26 22:06:40.328454+00,false
2faf833c-188a-49e8-a464-a4ab20b10d55,ec33ab22-8e04-44c8-80d8-d9c198daa70c,3,8a4785f1-8eda-4315-b808-face38e74fbb,a133b154-1c9b-489e-9ac4-01ea8f4b37e3,1,0,2,2026-09-26 21:58:36.056887+00,false
300d05cc-2ddb-4139-a450-2d89000a37a1,4884aaf1-a10b-4ea1-a2b4-6281c72de629,2,8a4785f1-8eda-4315-b808-face38e74fbb,d23b73f1-6697-416c-9902-935c715a329e,0,0,2,2026-09-21 12:59:39.165392+00,false
301dd5d7-a84e-4a37-8c94-6ca5e8b58395,4884aaf1-a10b-4ea1-a2b4-6281c72de629,1,de474199-4876-42f3-9e6e-cdbc3c65a0a5,03ea99a9-f0be-4232-a70c-eeddfe76c0b3,2,0,0,2026-09-21 12:57:56.26301+00,false
30d4c75b-b994-419a-9749-5b52bd217501,ec33ab22-8e04-44c8-80d8-d9c198daa70c,2,11ba79e7-dbb1-47af-ba9b-a4e3b7cfee88,5735db9b-a9db-4369-b8a4-07589c62fc91,2,0,0,2026-09-26 21:54:01.138867+00,false
3106e4ee-ca0d-4898-8268-ef72762203e3,84a73939-bcc7-46f1-99db-16d738bfdb16,2,3c8d7a04-1353-49b0-bf2f-777df0158491,4c9feb24-2e35-448f-a26b-7db41413d0b3,0,0,2,2026-09-29 22:46:00.510811+00,false
31487514-af08-4a1c-9d99-29d448601e98,84a73939-bcc7-46f1-99db-16d738bfdb16,2,de474199-4876-42f3-9e6e-cdbc3c65a0a5,,2,0,0,2026-09-29 22:46:45.067025+00,false
35831ea3-e0f6-46a8-8e89-5e5b5ee5ce14,ec33ab22-8e04-44c8-80d8-d9c198daa70c,2,8a4785f1-8eda-4315-b808-face38e74fbb,b69de84f-6cf6-4e54-9288-812339d002a3,0,0,2,2026-09-26 21:55:18.343814+00,false
369f73ce-3a4c-4ba1-9c59-e2bad268cbcf,ec33ab22-8e04-44c8-80d8-d9c198daa70c,3,6ed13c0c-71a5-42e7-b05e-cf2cdce0c2a7,883a519e-1615-4338-835c-6faa526bbdb7,1,0,2,2026-09-26 21:58:18.085246+00,false
3880e366-759d-4fd7-b527-5bf7947b57d0,c7e42b64-428c-49a7-a060-6756087787aa,1,817df82a-d3d5-4a64-8c12-677352c541f6,acd00cd9-e718-422a-ab68-5feccc46a2b3,0,0,2,2026-09-22 23:01:02.598371+00,false
42700972-ca38-4879-93df-21ab8e9f56b0,84a73939-bcc7-46f1-99db-16d738bfdb16,1,8a4785f1-8eda-4315-b808-face38e74fbb,a133b154-1c9b-489e-9ac4-01ea8f4b37e3,0,0,2,2026-09-29 22:43:51.654205+00,false
42aa089f-d119-44ef-8cc0-9f977223f5c5,ec33ab22-8e04-44c8-80d8-d9c198daa70c,2,6f764dcd-27a0-4c7f-8148-8426d9ff7d6f,acd00cd9-e718-422a-ab68-5feccc46a2b3,2,0,0,2026-09-26 21:54:31.123937+00,false
4563dc43-8a4e-4b70-bdb7-8de17fd48980,ec33ab22-8e04-44c8-80d8-d9c198daa70c,2,8023496c-f794-4622-8d23-a820148d3079,,2,0,0,2026-09-26 21:55:21.541898+00,false
46a6372f-aa7f-4c68-92e5-3e97ec5bab71,ec33ab22-8e04-44c8-80d8-d9c198daa70c,2,6ed13c0c-71a5-42e7-b05e-cf2cdce0c2a7,3322b619-de76-4a59-9b09-a5bea13e17c9,0,0,2,2026-09-26 21:54:14.431161+00,false
47b258df-403d-46d1-9693-5c8e5a3c427f,ec33ab22-8e04-44c8-80d8-d9c198daa70c,2,bd954a02-fa17-4292-84e3-0920aad08693,1708422a-1b1a-42d4-a4ff-3de45eb10059,2,0,1,2026-09-26 21:53:15.147695+00,false
487f4d4d-236e-4a68-975e-a189de168ec8,4884aaf1-a10b-4ea1-a2b4-6281c72de629,3,6f764dcd-27a0-4c7f-8148-8426d9ff7d6f,cbaaa5ea-6a8a-4e7d-9099-4c0662b4a88e,2,0,0,2026-09-21 13:01:30.4465+00,false
4b078803-e30a-4c89-909b-856954c9eded,4884aaf1-a10b-4ea1-a2b4-6281c72de629,1,1708422a-1b1a-42d4-a4ff-3de45eb10059,acd00cd9-e718-422a-ab68-5feccc46a2b3,0,0,2,2026-09-21 12:58:05.658532+00,false
4b169840-82df-4c26-8ff7-36a7f00d1759,84a73939-bcc7-46f1-99db-16d738bfdb16,3,b402f1bb-e234-4a11-994c-84bf2ba9cb6c,cbaaa5ea-6a8a-4e7d-9099-4c0662b4a88e,2,0,1,2026-09-29 22:47:52.856613+00,false
4fa3da95-a10a-433d-9708-20e008514d9a,ec33ab22-8e04-44c8-80d8-d9c198daa70c,2,a133b154-1c9b-489e-9ac4-01ea8f4b37e3,01e56600-a4af-4066-9964-ee0feae3ab8d,1,0,2,2026-09-26 21:54:42.20183+00,false
501c6c30-036b-41d1-9a03-f00d2520084b,ec33ab22-8e04-44c8-80d8-d9c198daa70c,1,b402f1bb-e234-4a11-994c-84bf2ba9cb6c,,2,0,0,2026-09-26 21:52:27.12221+00,false
5278f1a5-ba15-44dd-a22c-4763dba88f66,4884aaf1-a10b-4ea1-a2b4-6281c72de629,3,b402f1bb-e234-4a11-994c-84bf2ba9cb6c,5c3af7a8-1f77-4a71-8ca7-0cb646f6ac50,1,0,1,2026-09-21 13:00:34.86131+00,false
5456222f-a70a-4133-8daf-b3e5b0f8d3d1,4884aaf1-a10b-4ea1-a2b4-6281c72de629,1,5c3af7a8-1f77-4a71-8ca7-0cb646f6ac50,d23b73f1-6697-416c-9902-935c715a329e,2,0,0,2026-09-21 12:57:06.78246+00,false
5513bffc-c506-4ac7-84c0-d93f5159111b,ec33ab22-8e04-44c8-80d8-d9c198daa70c,1,5735db9b-a9db-4369-b8a4-07589c62fc91,a133b154-1c9b-489e-9ac4-01ea8f4b37e3,2,0,1,2026-09-26 21:51:35.30536+00,false
58991022-6f2b-47dc-8b90-fce6a0d43b4d,4884aaf1-a10b-4ea1-a2b4-6281c72de629,2,cbaaa5ea-6a8a-4e7d-9099-4c0662b4a88e,1708422a-1b1a-42d4-a4ff-3de45eb10059,0,0,2,2026-09-21 12:59:58.426783+00,false
5af660a8-b786-4181-9bab-254d3277d6aa,ec33ab22-8e04-44c8-80d8-d9c198daa70c,2,b402f1bb-e234-4a11-994c-84bf2ba9cb6c,5c3af7a8-1f77-4a71-8ca7-0cb646f6ac50,0,0,2,2026-09-26 21:52:56.735505+00,false
5cd3fb45-9ef7-4625-9e8b-a4b044db883b,c7e42b64-428c-49a7-a060-6756087787aa,2,6f764dcd-27a0-4c7f-8148-8426d9ff7d6f,b402f1bb-e234-4a11-994c-84bf2ba9cb6c,2,0,1,2026-09-22 23:04:28.733504+00,false
5fdedc2e-683b-4be5-8b1b-ff7f03177e39,ec33ab22-8e04-44c8-80d8-d9c198daa70c,1,8165d343-b857-4bc9-804a-4cb1126745e3,11ba79e7-dbb1-47af-ba9b-a4e3b7cfee88,0,0,2,2026-09-26 21:51:07.546633+00,false
60192bf0-1d6d-46f9-8758-89c689a3ea8a,ec33ab22-8e04-44c8-80d8-d9c198daa70c,2,7652bdbd-bc76-4e92-8525-a9f2cbe7a2ba,afdefe3c-d017-44e0-b223-b81e53520b6b,1,0,2,2026-09-26 21:53:25.58656+00,false
63401881-3326-4479-93db-31e8e111a446,4884aaf1-a10b-4ea1-a2b4-6281c72de629,3,1708422a-1b1a-42d4-a4ff-3de45eb10059,d23b73f1-6697-416c-9902-935c715a329e,1,0,2,2026-09-21 13:01:02.289073+00,false
637d75c7-6532-454f-8fa0-96578ca91209,c7e42b64-428c-49a7-a060-6756087787aa,1,b69de84f-6cf6-4e54-9288-812339d002a3,4c9feb24-2e35-448f-a26b-7db41413d0b3,2,0,0,2026-09-22 23:03:57.746405+00,false
6703f724-2789-4425-855b-b1eb9c046108,84a73939-bcc7-46f1-99db-16d738bfdb16,2,817df82a-d3d5-4a64-8c12-677352c541f6,8a4785f1-8eda-4315-b808-face38e74fbb,2,0,1,2026-09-29 22:46:20.949711+00,false
68692ff8-3b32-4b3e-a38a-5b3d2a4677f8,ec33ab22-8e04-44c8-80d8-d9c198daa70c,3,11ba79e7-dbb1-47af-ba9b-a4e3b7cfee88,afdefe3c-d017-44e0-b223-b81e53520b6b,2,0,0,2026-09-26 21:56:15.825718+00,false
72416b39-cd82-4b20-9748-d5827a1f1bc2,c7e42b64-428c-49a7-a060-6756087787aa,1,b402f1bb-e234-4a11-994c-84bf2ba9cb6c,5c3af7a8-1f77-4a71-8ca7-0cb646f6ac50,2,0,1,2026-09-22 23:01:25.238049+00,false
73c0492b-fbad-4e5a-bc3f-9e030b54cd7b,ec33ab22-8e04-44c8-80d8-d9c198daa70c,1,acd00cd9-e718-422a-ab68-5feccc46a2b3,bd954a02-fa17-4292-84e3-0920aad08693,0,0,2,2026-09-26 21:50:55.695334+00,false
75d5c338-03cc-4ca0-9e5e-ae667138c8bb,ec33ab22-8e04-44c8-80d8-d9c198daa70c,1,6ed13c0c-71a5-42e7-b05e-cf2cdce0c2a7,601295b3-8400-4a2d-92f5-7dbad21659fb,1,0,0,2026-09-26 21:49:18.441003+00,false
766f98eb-59f6-40e6-954b-a845e8684502,c7e42b64-428c-49a7-a060-6756087787aa,3,5c3af7a8-1f77-4a71-8ca7-0cb646f6ac50,8a4785f1-8eda-4315-b808-face38e74fbb,2,0,1,2026-09-22 23:06:38.557583+00,false
76e834c3-b3b9-4428-b401-323c93449fae,ec33ab22-8e04-44c8-80d8-d9c198daa70c,4,b69de84f-6cf6-4e54-9288-812339d002a3,afdefe3c-d017-44e0-b223-b81e53520b6b,2,0,1,2026-09-26 22:05:27.209835+00,false
78a197af-c0c3-4c1f-947a-17b1851ee35c,84a73939-bcc7-46f1-99db-16d738bfdb16,1,6f764dcd-27a0-4c7f-8148-8426d9ff7d6f,5c3af7a8-1f77-4a71-8ca7-0cb646f6ac50,0,0,2,2026-09-29 22:44:14.661146+00,false
79fdfce3-6a94-433a-b47f-4f87124cc482,ec33ab22-8e04-44c8-80d8-d9c198daa70c,4,6ed13c0c-71a5-42e7-b05e-cf2cdce0c2a7,acd00cd9-e718-422a-ab68-5feccc46a2b3,1,0,2,2026-09-26 22:07:40.214527+00,false
7cf0ff7c-1949-49fc-8fa6-f1f84330b0dd,ec33ab22-8e04-44c8-80d8-d9c198daa70c,3,e61f1605-c659-411b-b745-000c3f50c922,,2,0,0,2026-09-26 21:58:41.346647+00,false
7ee8c36f-8681-4fc8-a49f-ea769e5514d8,ec33ab22-8e04-44c8-80d8-d9c198daa70c,3,01e56600-a4af-4066-9964-ee0feae3ab8d,d9c2be77-f423-49ba-934f-de578d448bb9,0,0,2,2026-09-26 21:58:03.880678+00,false
7f37f3ec-b41f-48bc-b15e-53e48095164e,ec33ab22-8e04-44c8-80d8-d9c198daa70c,1,883a519e-1615-4338-835c-6faa526bbdb7,afdefe3c-d017-44e0-b223-b81e53520b6b,0,0,2,2026-09-26 21:49:48.825789+00,false
80189be0-2eb6-4757-8bb0-7e831e5973e3,ec33ab22-8e04-44c8-80d8-d9c198daa70c,1,d9c2be77-f423-49ba-934f-de578d448bb9,e61f1605-c659-411b-b745-000c3f50c922,2,0,0,2026-09-26 21:49:37.121823+00,false
809801a1-76e0-4de5-ae61-afb7e84bab47,ec33ab22-8e04-44c8-80d8-d9c198daa70c,3,bd954a02-fa17-4292-84e3-0920aad08693,d23b73f1-6697-416c-9902-935c715a329e,1,0,2,2026-09-26 21:56:28.715202+00,false
80bf6a92-8af0-45ab-b49b-d6c4597c2104,84a73939-bcc7-46f1-99db-16d738bfdb16,3,d23b73f1-6697-416c-9902-935c715a329e,5c3af7a8-1f77-4a71-8ca7-0cb646f6ac50,2,0,1,2026-09-29 22:47:44.113752+00,false
826445cf-33e1-4085-98ac-8f0298b446c6,84a73939-bcc7-46f1-99db-16d738bfdb16,2,6f764dcd-27a0-4c7f-8148-8426d9ff7d6f,b7fa20b8-281c-4162-923a-e57928addd89,2,0,1,2026-09-29 22:46:09.682524+00,false
84ce7a84-7cdb-4d26-a38e-33d8f0eacc01,84a73939-bcc7-46f1-99db-16d738bfdb16,2,b402f1bb-e234-4a11-994c-84bf2ba9cb6c,5c3af7a8-1f77-4a71-8ca7-0cb646f6ac50,1,0,1,2026-09-29 22:45:26.154937+00,false
84e680f2-30cc-4c54-b5fe-7a349a7472d4,ec33ab22-8e04-44c8-80d8-d9c198daa70c,4,883a519e-1615-4338-835c-6faa526bbdb7,6f764dcd-27a0-4c7f-8148-8426d9ff7d6f,1,0,2,2026-09-26 22:06:55.570299+00,false
863dae9b-8bb3-4ae4-b552-5c676b3648f1,4884aaf1-a10b-4ea1-a2b4-6281c72de629,1,cbaaa5ea-6a8a-4e7d-9099-4c0662b4a88e,b402f1bb-e234-4a11-994c-84bf2ba9cb6c,1,0,2,2026-09-21 12:57:33.996316+00,false
8755cf58-c964-4db7-97fe-320d702a3788,ec33ab22-8e04-44c8-80d8-d9c198daa70c,2,e61f1605-c659-411b-b745-000c3f50c922,883a519e-1615-4338-835c-6faa526bbdb7,0,0,2,2026-09-26 21:54:52.398512+00,false
889a2e01-0816-4c18-ad9e-a58a004dc416,c7e42b64-428c-49a7-a060-6756087787aa,2,a133b154-1c9b-489e-9ac4-01ea8f4b37e3,b7fa20b8-281c-4162-923a-e57928addd89,2,0,1,2026-09-22 23:04:54.877699+00,false
88a6a26f-316d-4c19-b164-462377d71807,ec33ab22-8e04-44c8-80d8-d9c198daa70c,1,1708422a-1b1a-42d4-a4ff-3de45eb10059,8a4785f1-8eda-4315-b808-face38e74fbb,2,0,1,2026-09-26 21:52:22.151471+00,false
89ffbdec-f578-44b4-b10d-ecf3ec36d0f0,84a73939-bcc7-46f1-99db-16d738bfdb16,1,cbaaa5ea-6a8a-4e7d-9099-4c0662b4a88e,,2,0,0,2026-09-29 22:45:02.648184+00,false
956e2f36-92ab-4cf2-b1f6-e3332341a34b,c7e42b64-428c-49a7-a060-6756087787aa,2,4c9feb24-2e35-448f-a26b-7db41413d0b3,d23b73f1-6697-416c-9902-935c715a329e,0,0,2,2026-09-22 23:05:16.052509+00,false
9a0def64-e725-4d95-98c9-ecde981fe967,c7e42b64-428c-49a7-a060-6756087787aa,3,4c9feb24-2e35-448f-a26b-7db41413d0b3,,0,0,0,2026-09-22 23:25:34.984871+00,true
9b7e0284-90ad-484f-8c0f-2a31cb895c78,4884aaf1-a10b-4ea1-a2b4-6281c72de629,2,03ea99a9-f0be-4232-a70c-eeddfe76c0b3,6f764dcd-27a0-4c7f-8148-8426d9ff7d6f,2,0,1,2026-09-21 12:59:50.667056+00,false
9c504513-84d4-4dda-a8ba-55ee325dcdc0,c7e42b64-428c-49a7-a060-6756087787aa,3,de474199-4876-42f3-9e6e-cdbc3c65a0a5,,2,0,0,2026-09-22 23:25:39.305901+00,false
a009cec5-b829-4f38-a109-3ea7b4fc07f8,84a73939-bcc7-46f1-99db-16d738bfdb16,3,de474199-4876-42f3-9e6e-cdbc3c65a0a5,817df82a-d3d5-4a64-8c12-677352c541f6,2,0,0,2026-09-29 22:48:10.678286+00,false
a49aae36-a4fd-4388-9b0d-50ecaacfcb9f,c7e42b64-428c-49a7-a060-6756087787aa,3,6f764dcd-27a0-4c7f-8148-8426d9ff7d6f,a133b154-1c9b-489e-9ac4-01ea8f4b37e3,2,0,0,2026-09-22 23:05:42.661888+00,false
a682c398-75ba-4ab5-8cc1-c9e1a69ca0a6,84a73939-bcc7-46f1-99db-16d738bfdb16,3,3c8d7a04-1353-49b0-bf2f-777df0158491,8a4785f1-8eda-4315-b808-face38e74fbb,0,0,2,2026-09-29 22:48:27.37917+00,false
a684ff74-4f93-4ba1-a8a1-7728e8fee154,c7e42b64-428c-49a7-a060-6756087787aa,3,817df82a-d3d5-4a64-8c12-677352c541f6,d23b73f1-6697-416c-9902-935c715a329e,1,0,2,2026-09-22 23:06:23.673307+00,false
aa80557a-c4be-4e9d-aae2-6b147f9247d4,84a73939-bcc7-46f1-99db-16d738bfdb16,3,b7fa20b8-281c-4162-923a-e57928addd89,,2,0,0,2026-09-29 22:48:33.129449+00,false
af41f525-2fc0-49eb-babd-0f3bd50851d0,ec33ab22-8e04-44c8-80d8-d9c198daa70c,4,5c3af7a8-1f77-4a71-8ca7-0cb646f6ac50,5735db9b-a9db-4369-b8a4-07589c62fc91,1,0,2,2026-09-26 22:00:10.153347+00,false
b114e721-48ff-4c25-8fed-a942506b10b6,c7e42b64-428c-49a7-a060-6756087787aa,1,a133b154-1c9b-489e-9ac4-01ea8f4b37e3,d23b73f1-6697-416c-9902-935c715a329e,2,0,1,2026-09-22 23:03:33.308201+00,false
b338dd97-4acb-4447-9193-86192aaee365,84a73939-bcc7-46f1-99db-16d738bfdb16,1,4c9feb24-2e35-448f-a26b-7db41413d0b3,acd00cd9-e718-422a-ab68-5feccc46a2b3,0,0,2,2026-09-29 22:44:57.163061+00,false
b4686c00-872a-47fa-b0f2-6097712acd2f,ec33ab22-8e04-44c8-80d8-d9c198daa70c,3,5c3af7a8-1f77-4a71-8ca7-0cb646f6ac50,6f764dcd-27a0-4c7f-8148-8426d9ff7d6f,2,0,1,2026-09-26 21:56:06.737218+00,false
bb63ce1e-4509-412e-9ee1-e691672fcb89,ec33ab22-8e04-44c8-80d8-d9c198daa70c,1,5c3af7a8-1f77-4a71-8ca7-0cb646f6ac50,b69de84f-6cf6-4e54-9288-812339d002a3,2,0,0,2026-09-26 21:49:57.2904+00,false
bc7e2205-4b3a-47df-b823-38c62aac2efe,4884aaf1-a10b-4ea1-a2b4-6281c72de629,1,56b4cf3e-48e1-4716-a890-607fa486cbb5,8a4785f1-8eda-4315-b808-face38e74fbb,1,0,1,2026-09-21 12:57:45.441075+00,false
be93a5f7-84e6-40e6-ada4-49fd185933be,ec33ab22-8e04-44c8-80d8-d9c198daa70c,3,b402f1bb-e234-4a11-994c-84bf2ba9cb6c,1708422a-1b1a-42d4-a4ff-3de45eb10059,2,0,0,2026-09-26 21:57:52.55594+00,false
befd359f-2360-4941-9249-85f2d15dc929,ec33ab22-8e04-44c8-80d8-d9c198daa70c,4,b402f1bb-e234-4a11-994c-84bf2ba9cb6c,d9c2be77-f423-49ba-934f-de578d448bb9,2,0,0,2026-09-26 22:05:37.418767+00,false
c0030a59-9dec-4923-bf48-631077e6d8ef,4884aaf1-a10b-4ea1-a2b4-6281c72de629,2,de474199-4876-42f3-9e6e-cdbc3c65a0a5,56b4cf3e-48e1-4716-a890-607fa486cbb5,0,0,2,2026-09-21 12:59:30.169832+00,false
c0ba1da5-6913-44dc-a05b-78be0ea4a1ac,84a73939-bcc7-46f1-99db-16d738bfdb16,3,a133b154-1c9b-489e-9ac4-01ea8f4b37e3,e61f1605-c659-411b-b745-000c3f50c922,0,0,2,2026-09-29 22:48:21.94475+00,false
c2cd70a0-dc7a-45de-91e7-aaa45bea889f,84a73939-bcc7-46f1-99db-16d738bfdb16,1,e61f1605-c659-411b-b745-000c3f50c922,3c8d7a04-1353-49b0-bf2f-777df0158491,1,0,1,2026-09-29 22:44:05.070896+00,false
c5f457dd-f45b-4024-988c-1290f4a498fb,4884aaf1-a10b-4ea1-a2b4-6281c72de629,3,56b4cf3e-48e1-4716-a890-607fa486cbb5,03ea99a9-f0be-4232-a70c-eeddfe76c0b3,2,0,1,2026-09-21 13:00:50.790444+00,false
cc5f1039-ccc6-4816-8106-8e18e3171ff7,84a73939-bcc7-46f1-99db-16d738bfdb16,3,b69de84f-6cf6-4e54-9288-812339d002a3,acd00cd9-e718-422a-ab68-5feccc46a2b3,2,0,1,2026-09-29 22:47:35.925986+00,false
ccef61a5-5431-40de-b00a-0281f7295861,c7e42b64-428c-49a7-a060-6756087787aa,2,817df82a-d3d5-4a64-8c12-677352c541f6,8a4785f1-8eda-4315-b808-face38e74fbb,2,0,0,2026-09-22 23:05:24.449074+00,false
ce51e8a8-f5fa-41e9-bc30-dc82720e7ff5,ec33ab22-8e04-44c8-80d8-d9c198daa70c,2,8165d343-b857-4bc9-804a-4cb1126745e3,601295b3-8400-4a2d-92f5-7dbad21659fb,2,0,0,2026-09-26 21:55:09.250188+00,false
d6eff54f-7e73-4518-a069-b5e026fc4514,84a73939-bcc7-46f1-99db-16d738bfdb16,1,d23b73f1-6697-416c-9902-935c715a329e,b7fa20b8-281c-4162-923a-e57928addd89,2,0,1,2026-09-29 22:44:39.865723+00,false
d7c4302b-2d4b-49a3-883f-626ca2073092,ec33ab22-8e04-44c8-80d8-d9c198daa70c,1,7652bdbd-bc76-4e92-8525-a9f2cbe7a2ba,01e56600-a4af-4066-9964-ee0feae3ab8d,2,0,1,2026-09-26 21:50:16.500201+00,false
ddf015a4-e224-4e9a-bf7a-278af45a1ba4,ec33ab22-8e04-44c8-80d8-d9c198daa70c,4,3322b619-de76-4a59-9b09-a5bea13e17c9,a133b154-1c9b-489e-9ac4-01ea8f4b37e3,0,0,2,2026-09-26 22:07:03.509939+00,false
de8ec938-ed4e-405f-a544-e034eb16083a,84a73939-bcc7-46f1-99db-16d738bfdb16,2,cbaaa5ea-6a8a-4e7d-9099-4c0662b4a88e,acd00cd9-e718-422a-ab68-5feccc46a2b3,1,0,2,2026-09-29 22:45:36.127329+00,false
df100b09-8905-4b7f-94b5-0ef46793dd18,ec33ab22-8e04-44c8-80d8-d9c198daa70c,4,1708422a-1b1a-42d4-a4ff-3de45eb10059,,0,0,0,2026-09-26 22:08:09.350512+00,true
e8862e04-7e80-4998-9936-fec7a51efb93,ec33ab22-8e04-44c8-80d8-d9c198daa70c,1,d23b73f1-6697-416c-9902-935c715a329e,8023496c-f794-4622-8d23-a820148d3079,2,0,1,2026-09-26 21:51:18.092692+00,false
e97abd61-5e4e-4e16-8a6d-64fefc28e6ee,c7e42b64-428c-49a7-a060-6756087787aa,2,b69de84f-6cf6-4e54-9288-812339d002a3,acd00cd9-e718-422a-ab68-5feccc46a2b3,2,0,0,2026-09-22 23:04:41.247911+00,false
f2275e23-4768-44bc-a511-953b15f7260f,c7e42b64-428c-49a7-a060-6756087787aa,3,acd00cd9-e718-422a-ab68-5feccc46a2b3,b402f1bb-e234-4a11-994c-84bf2ba9cb6c,1,0,2,2026-09-22 23:06:06.268122+00,false
f56d703d-1a26-430d-85ed-b83b9f33d931,84a73939-bcc7-46f1-99db-16d738bfdb16,2,b69de84f-6cf6-4e54-9288-812339d002a3,e61f1605-c659-411b-b745-000c3f50c922,2,0,0,2026-09-29 22:45:49.118961+00,false
f686717b-ffbc-43e0-87b7-c53385b449ec,4884aaf1-a10b-4ea1-a2b4-6281c72de629,3,b7fa20b8-281c-4162-923a-e57928addd89,de474199-4876-42f3-9e6e-cdbc3c65a0a5,1,0,2,2026-09-21 13:01:18.072087+00,false
f6edae18-0fa9-4cf8-8956-4565d9670dd7,c7e42b64-428c-49a7-a060-6756087787aa,1,6f764dcd-27a0-4c7f-8148-8426d9ff7d6f,de474199-4876-42f3-9e6e-cdbc3c65a0a5,2,0,0,2026-09-22 23:04:07.545838+00,false
f84b4289-9f14-41cb-977c-0993528a2cf7,ec33ab22-8e04-44c8-80d8-d9c198daa70c,3,8165d343-b857-4bc9-804a-4cb1126745e3,b69de84f-6cf6-4e54-9288-812339d002a3,0,0,2,2026-09-26 21:56:55.560114+00,false
f92d260f-af40-4238-86c7-d5f2e7c2b2bc,ec33ab22-8e04-44c8-80d8-d9c198daa70c,4,601295b3-8400-4a2d-92f5-7dbad21659fb,8a4785f1-8eda-4315-b808-face38e74fbb,1,0,1,2026-09-26 22:08:04.727543+00,false
f92d657a-5023-4a00-ae26-6ef1a26be3fa,84a73939-bcc7-46f1-99db-16d738bfdb16,2,d23b73f1-6697-416c-9902-935c715a329e,a133b154-1c9b-489e-9ac4-01ea8f4b37e3,2,0,1,2026-09-29 22:46:41.280246+00,false
fca09c47-1f8e-4e50-a586-89585c8f4ed3,ec33ab22-8e04-44c8-80d8-d9c198daa70c,4,e61f1605-c659-411b-b745-000c3f50c922,01e56600-a4af-4066-9964-ee0feae3ab8d,0,0,2,2026-09-26 22:07:14.197277+00,false
fe1d744b-12f2-4f39-9fa9-2e936d2f54f6,84a73939-bcc7-46f1-99db-16d738bfdb16,1,de474199-4876-42f3-9e6e-cdbc3c65a0a5,b402f1bb-e234-4a11-994c-84bf2ba9cb6c,0,0,2,2026-09-29 22:44:27.514684+00,false