id,name,handle,created_at,badge1_id,badge2_id
01e56600-a4af-4066-9964-ee0feae3ab8d,Mirko Omicini,,2026-09-26 21:32:33.692943+00,,
03ea99a9-f0be-4232-a70c-eeddfe76c0b3,Lorenzo Pedrazzetti,,2026-09-21 12:33:04.123845+00,,
11ba79e7-dbb1-47af-ba9b-a4e3b7cfee88,Matteo Sangiorgi,,2026-09-26 21:31:26.408516+00,,
1708422a-1b1a-42d4-a4ff-3de45eb10059,Matteo Cantini,,2026-09-21 12:31:55.361387+00,,
3322b619-de76-4a59-9b09-a5bea13e17c9,Riccardo Capuano,,2026-09-26 21:32:48.914272+00,,
3c8d7a04-1353-49b0-bf2f-777df0158491,Raul Stojku,,2026-09-29 22:38:56.260629+00,,
4c9feb24-2e35-448f-a26b-7db41413d0b3,Davide Maffini,il Maffo,2026-09-21 07:46:31.950421+00,,
56b4cf3e-48e1-4716-a890-607fa486cbb5,Pietro Merli,,2026-09-21 12:31:23.499754+00,,
5735db9b-a9db-4369-b8a4-07589c62fc91,Antonio Alfarano,,2026-09-26 21:31:36.467446+00,,
5c3af7a8-1f77-4a71-8ca7-0cb646f6ac50,Andrea Lontri,,2026-09-21 07:37:17.766699+00,b740f011-3314-4340-a56e-c48b4ea3eb13,f0b4c633-f273-430a-8243-cc261457512f
601295b3-8400-4a2d-92f5-7dbad21659fb,Nicola Zucconi,,2026-09-26 21:33:26.519022+00,,
6ed13c0c-71a5-42e7-b05e-cf2cdce0c2a7,Luca Maggi,,2026-09-26 21:33:20.613522+00,,
6f764dcd-27a0-4c7f-8148-8426d9ff7d6f,Davide Caprioli,,2026-09-21 07:46:58.438814+00,,
7652bdbd-bc76-4e92-8525-a9f2cbe7a2ba,Valerio Vanacore,,2026-09-26 21:32:15.738579+00,,
8023496c-f794-4622-8d23-a820148d3079,Mattia Gallo,,2026-09-26 21:32:56.064224+00,,
8165d343-b857-4bc9-804a-4cb1126745e3,Nicolò Gallo,,2026-09-26 21:32:09.525847+00,,
817df82a-d3d5-4a64-8c12-677352c541f6,Francesco Zibella,,2026-09-22 23:00:14.65101+00,,
883a519e-1615-4338-835c-6faa526bbdb7,Mario Brambilla,,2026-09-26 21:32:40.650547+00,,
8a4785f1-8eda-4315-b808-face38e74fbb,Gianmaria Savi,,2026-09-21 07:37:24.564379+00,,
a133b154-1c9b-489e-9ac4-01ea8f4b37e3,Andrea Prati,,2026-09-22 22:57:35.46169+00,,
acd00cd9-e718-422a-ab68-5feccc46a2b3,Nicolò Mondani,,2026-09-21 12:32:18.321522+00,,
afdefe3c-d017-44e0-b223-b81e53520b6b,Fabio Fava,,2026-09-26 21:31:49.328076+00,,
b402f1bb-e234-4a11-994c-84bf2ba9cb6c,Alessandro Cattin,,2026-09-21 07:37:21.45133+00,a3b29378-941b-4286-8854-5747d68bd6bb,
b69de84f-6cf6-4e54-9288-812339d002a3,Michele Ferri,,2026-09-21 07:37:15.952197+00,,
b7fa20b8-281c-4162-923a-e57928addd89,Jacopo Arrighi,,2026-09-21 12:32:31.15839+00,,
bd954a02-fa17-4292-84e3-0920aad08693,Giuliano Grassi,,2026-09-26 21:31:44.174417+00,,
cbaaa5ea-6a8a-4e7d-9099-4c0662b4a88e,Enrico Bertoli,,2026-09-21 12:31:43.136799+00,,
d23b73f1-6697-416c-9902-935c715a329e,Giorgio Cusimano,,2026-09-21 12:13:16.052957+00,,
d9c2be77-f423-49ba-934f-de578d448bb9,Marco Carleo,,2026-09-26 21:32:01.102355+00,,
de474199-4876-42f3-9e6e-cdbc3c65a0a5,Nicholas Pulcani,,2026-09-21 12:31:31.5652+00,,
e61f1605-c659-411b-b745-000c3f50c922,Alessandro Fulli,,2026-09-26 21:33:15.718787+00,,